variable,in_2023,in_2025,status
ANYBUNINDEX,True,True,shared
ANYSWITCH2A,True,True,shared
ANYSWITCH2B,True,True,shared
ANYSWITCH2C,True,True,shared
ANYSWITCH2D,True,True,shared
ANYSWITCH2E,True,True,shared
ANYSWITCH2F,True,True,shared
ANYSWITCHA,True,True,shared
ANYSWITCHB,True,True,shared
ANYSWITCHC,True,True,shared
ANYSWITCHD,True,True,shared
ANYSWITCHE,True,True,shared
ANYSWITCHF,True,True,shared
BKCONTBB,False,True,2025_only
BKCONTDP,False,True,2025_only
BKCONTLL,False,True,2025_only
BKCONTPTV,False,True,2025_only
BKCONTTP,False,True,2025_only
BUNDLE1A,True,True,shared
BUNDLE1AA,True,True,shared
BUNDLE1AB,True,True,shared
BUNDLE1AC,True,True,shared
BUNDLE1AD,True,True,shared
BUNDLE1AE,True,True,shared
BUNDLE1AF,True,True,shared
BUNDLE1AG,True,True,shared
BUNDLE1AH,True,True,shared
BUNDLE1AI,True,True,shared
BUNDLE1AJ,True,True,shared
BUNDLE1AK,True,True,shared
BUNDLE1AL,True,True,shared
BUNDLE1AM,True,True,shared
BUNDLE1AN,True,True,shared
BUNDLE1AO,True,True,shared
BUNDLE1AP,True,True,shared
BUNDLE1AQ,True,True,shared
BUNDLE1AR,True,True,shared
BUNDLE1AS,True,True,shared
BUNDLE1AT,True,True,shared
BUNDLE1AU,True,True,shared
BUNDLE1AV,True,True,shared
BUNDLE1AW,True,True,shared
BUNDLE1AX,True,True,shared
BUNDLE1AY,False,True,2025_only
BUNDLE1B,True,True,shared
BUNDLE1C,True,True,shared
BUNDLE1D,True,True,shared
BUNDLE1E,True,True,shared
BUNDLE1F,True,True,shared
BUNDLE1G,True,True,shared
BUNDLE1H,True,True,shared
BUNDLE1I,True,True,shared
BUNDLE1J,True,True,shared
BUNDLE1K,True,True,shared
BUNDLE1L,True,True,shared
BUNDLE1M,True,True,shared
BUNDLE1N,True,True,shared
BUNDLE1O,True,True,shared
BUNDLE1P,True,True,shared
BUNDLE1Q,True,True,shared
BUNDLE1R,True,True,shared
BUNDLE1S,True,True,shared
BUNDLE1T,True,True,shared
BUNDLE1U,True,True,shared
BUNDLE1V,True,True,shared
BUNDLE1W,True,True,shared
BUNDLE1X,True,True,shared
BUNDLE1Y,True,True,shared
BUNDLE1Z,True,True,shared
BUNDLE2A,True,True,shared
BUNDLE2AA,True,True,shared
BUNDLE2AB,True,True,shared
BUNDLE2AC,True,True,shared
BUNDLE2AD,True,True,shared
BUNDLE2AE,True,True,shared
BUNDLE2AF,True,True,shared
BUNDLE2AG,True,True,shared
BUNDLE2AH,True,True,shared
BUNDLE2AI,True,True,shared
BUNDLE2AJ,True,True,shared
BUNDLE2AK,True,True,shared
BUNDLE2AL,True,True,shared
BUNDLE2AM,True,True,shared
BUNDLE2AN,True,True,shared
BUNDLE2AO,True,True,shared
BUNDLE2AP,True,True,shared
BUNDLE2AQ,True,True,shared
BUNDLE2AR,True,True,shared
BUNDLE2AS,True,True,shared
BUNDLE2AT,True,True,shared
BUNDLE2AU,True,True,shared
BUNDLE2AV,True,True,shared
BUNDLE2AW,True,True,shared
BUNDLE2AX,True,True,shared
BUNDLE2AY,False,True,2025_only
BUNDLE2B,True,True,shared
BUNDLE2C,True,True,shared
BUNDLE2D,True,True,shared
BUNDLE2E,True,True,shared
BUNDLE2F,True,True,shared
BUNDLE2G,True,True,shared
BUNDLE2H,True,True,shared
BUNDLE2I,True,True,shared
BUNDLE2J,True,True,shared
BUNDLE2K,True,True,shared
BUNDLE2L,True,True,shared
BUNDLE2M,True,True,shared
BUNDLE2N,True,True,shared
BUNDLE2O,True,True,shared
BUNDLE2P,True,True,shared
BUNDLE2Q,True,True,shared
BUNDLE2R,True,True,shared
BUNDLE2S,True,True,shared
BUNDLE2T,True,True,shared
BUNDLE2U,True,True,shared
BUNDLE2V,True,True,shared
BUNDLE2W,True,True,shared
BUNDLE2X,True,True,shared
BUNDLE2Y,True,True,shared
BUNDLE2Z,True,True,shared
C1A,True,True,shared
C1B,True,True,shared
C1C,True,True,shared
C1D,True,True,shared
C1E,True,True,shared
C1F,True,True,shared
C1G,True,True,shared
C1H,True,True,shared
C1I,True,True,shared
C1J,True,True,shared
C1K,True,True,shared
C1L,True,True,shared
C1M,False,True,2025_only
C1N,False,True,2025_only
C2,True,True,shared
C3,True,True,shared
C4,True,True,shared
C6,True,True,shared
C6A,True,True,shared
C6I,False,True,2025_only
DC1,True,True,shared
DC2,True,True,shared
DPINDEX,True,True,shared
FINAL1,True,True,shared
FINAL2,True,True,shared
FINAL3,True,True,shared
FINAL4,True,True,shared
FINAL5,True,True,shared
FINAL6,True,True,shared
FVUL,True,True,shared
IC3,True,False,2023_only
IC4,True,False,2023_only
IOBS,True,False,2023_only
LOOPITERATIONSA,True,True,shared
LOOPITERATIONSB,True,True,shared
LOOPITERATIONSC,True,True,shared
LOOPITERATIONSD,True,True,shared
LOOPITERATIONSE,True,True,shared
LOOPITERATIONSF,True,True,shared
OS1B,True,True,shared
P_METHOD_TYPE,True,True,shared
Q10AA,True,True,shared
Q10AB,True,True,shared
Q10AC,True,True,shared
Q10AD,True,True,shared
Q10AE,True,True,shared
Q10AF,True,True,shared
Q10AG,True,True,shared
Q10AH,True,True,shared
Q10AI,True,True,shared
Q10AJ,True,True,shared
Q10AK,True,True,shared
Q10AL,True,True,shared
Q10AM,True,True,shared
Q10AN,True,True,shared
Q10AO,True,True,shared
Q10AP,True,True,shared
Q10AQ,True,True,shared
Q10AR,True,True,shared
Q10AS,True,True,shared
Q10BA,True,True,shared
Q10BB,True,True,shared
Q10BC,True,True,shared
Q10BD,True,True,shared
Q10BE,True,True,shared
Q10BF,True,True,shared
Q10BG,True,True,shared
Q10BH,True,True,shared
Q10BI,True,True,shared
Q10BJ,True,True,shared
Q10BK,True,True,shared
Q10BL,True,True,shared
Q10BM,True,True,shared
Q10BN,True,True,shared
Q10BO,True,True,shared
Q10BP,True,True,shared
Q10BQ,True,True,shared
Q10BR,True,True,shared
Q10BS,True,True,shared
Q12_1A,True,True,shared
Q12_1B,True,True,shared
Q12_1C,True,True,shared
Q12_1D,True,True,shared
Q12_1E,True,True,shared
Q12_1F,True,True,shared
Q12_1G,True,True,shared
Q12_1H,True,True,shared
Q12_2A,True,True,shared
Q12_2B,True,True,shared
Q12_2C,True,True,shared
Q12_2D,True,True,shared
Q12_2E,True,True,shared
Q12_2F,True,True,shared
Q12_2G,True,True,shared
Q12_2H,True,True,shared
Q12_3A,True,True,shared
Q12_3B,True,True,shared
Q12_3C,True,True,shared
Q12_3D,True,True,shared
Q12_3E,True,True,shared
Q12_3F,True,True,shared
Q12_3G,True,True,shared
Q12_3H,True,True,shared
Q12_4A,True,True,shared
Q12_4B,True,True,shared
Q12_4C,True,True,shared
Q12_4D,True,True,shared
Q12_4E,True,True,shared
Q12_4F,True,True,shared
Q12_4G,True,True,shared
Q12_4H,True,True,shared
Q12_5A,True,True,shared
Q12_5B,True,True,shared
Q12_5C,True,True,shared
Q12_5D,True,True,shared
Q12_5E,True,True,shared
Q12_5F,True,True,shared
Q12_5G,True,True,shared
Q12_5H,True,True,shared
Q12_6A,True,True,shared
Q12_6B,True,True,shared
Q12_6C,True,True,shared
Q12_6D,True,True,shared
Q12_6E,True,True,shared
Q12_6F,True,True,shared
Q12_6G,True,True,shared
Q12_6H,True,True,shared
Q13A_1A,True,True,shared
Q13A_1B,True,True,shared
Q13A_1C,True,True,shared
Q13A_1D,True,True,shared
Q13A_1E,True,True,shared
Q13A_1F,True,True,shared
Q13A_1G,True,True,shared
Q13A_1H,True,True,shared
Q13A_1I,True,True,shared
Q13A_1J,True,True,shared
Q13A_2A,True,True,shared
Q13A_2B,True,True,shared
Q13A_2C,True,True,shared
Q13A_2D,True,True,shared
Q13A_2E,True,True,shared
Q13A_2F,True,True,shared
Q13A_2G,True,True,shared
Q13A_2H,True,True,shared
Q13A_2I,True,True,shared
Q13A_2J,True,True,shared
Q13A_3A,True,True,shared
Q13A_3B,True,True,shared
Q13A_3C,True,True,shared
Q13A_3D,True,True,shared
Q13A_3E,True,True,shared
Q13A_3F,True,True,shared
Q13A_3G,True,True,shared
Q13A_3H,True,True,shared
Q13A_3I,True,True,shared
Q13A_3J,True,True,shared
Q13A_4A,True,True,shared
Q13A_4B,True,True,shared
Q13A_4C,True,True,shared
Q13A_4D,True,True,shared
Q13A_4E,True,True,shared
Q13A_4F,True,True,shared
Q13A_4G,True,True,shared
Q13A_4H,True,True,shared
Q13A_4I,True,True,shared
Q13A_4J,True,True,shared
Q13A_5A,True,True,shared
Q13A_5B,True,True,shared
Q13A_5C,True,True,shared
Q13A_5D,True,True,shared
Q13A_5E,True,True,shared
Q13A_5F,True,True,shared
Q13A_5G,True,True,shared
Q13A_5H,True,True,shared
Q13A_5I,True,True,shared
Q13A_5J,True,True,shared
Q13A_6A,True,True,shared
Q13A_6B,True,True,shared
Q13A_6C,True,True,shared
Q13A_6D,True,True,shared
Q13A_6E,True,True,shared
Q13A_6F,True,True,shared
Q13A_6G,True,True,shared
Q13A_6H,True,True,shared
Q13A_6I,True,True,shared
Q13A_6J,True,True,shared
Q13_1,True,True,shared
Q13_2,True,True,shared
Q13_3,True,True,shared
Q13_4,True,True,shared
Q13_5,True,True,shared
Q13_6,True,True,shared
Q14_1,True,True,shared
Q14_2,True,True,shared
Q14_3,True,True,shared
Q14_4,True,True,shared
Q14_5,True,True,shared
Q14_6,True,True,shared
Q15_1A,True,True,shared
Q15_1B,True,True,shared
Q15_1C,True,True,shared
Q15_1D,True,True,shared
Q15_1E,True,True,shared
Q15_1F,True,True,shared
Q15_1G,True,True,shared
Q15_1H,True,True,shared
Q15_1I,True,True,shared
Q15_1J,True,True,shared
Q15_1K,True,True,shared
Q15_1L,False,True,2025_only
Q15_2A,True,True,shared
Q15_2B,True,True,shared
Q15_2C,True,True,shared
Q15_2D,True,True,shared
Q15_2E,True,True,shared
Q15_2F,True,True,shared
Q15_2G,True,True,shared
Q15_2H,True,True,shared
Q15_2I,True,True,shared
Q15_2J,True,True,shared
Q15_2K,True,True,shared
Q15_2L,False,True,2025_only
Q15_3A,True,True,shared
Q15_3B,True,True,shared
Q15_3C,True,True,shared
Q15_3D,True,True,shared
Q15_3E,True,True,shared
Q15_3F,True,True,shared
Q15_3G,True,True,shared
Q15_3H,True,True,shared
Q15_3I,True,True,shared
Q15_3J,True,True,shared
Q15_3K,True,True,shared
Q15_3L,False,True,2025_only
Q15_4A,True,True,shared
Q15_4B,True,True,shared
Q15_4C,True,True,shared
Q15_4D,True,True,shared
Q15_4E,True,True,shared
Q15_4F,True,True,shared
Q15_4G,True,True,shared
Q15_4H,True,True,shared
Q15_4I,True,True,shared
Q15_4J,True,True,shared
Q15_4K,True,True,shared
Q15_4L,False,True,2025_only
Q15_5A,True,True,shared
Q15_5B,True,True,shared
Q15_5C,True,True,shared
Q15_5D,True,True,shared
Q15_5E,True,True,shared
Q15_5F,True,True,shared
Q15_5G,True,True,shared
Q15_5H,True,True,shared
Q15_5I,True,True,shared
Q15_5J,True,True,shared
Q15_5K,True,True,shared
Q15_5L,False,True,2025_only
Q15_6A,True,True,shared
Q15_6B,True,True,shared
Q15_6C,True,True,shared
Q15_6D,True,True,shared
Q15_6E,True,True,shared
Q15_6F,True,True,shared
Q15_6G,True,True,shared
Q15_6H,True,True,shared
Q15_6I,True,True,shared
Q15_6J,True,True,shared
Q15_6K,True,True,shared
Q15_6L,False,True,2025_only
Q16_1,True,True,shared
Q16_2,True,True,shared
Q16_3,True,True,shared
Q16_4,True,True,shared
Q16_5,True,True,shared
Q16_6,True,True,shared
Q17A_1A,True,True,shared
Q17A_1B,True,True,shared
Q17A_1C,True,True,shared
Q17A_1D,True,True,shared
Q17A_2A,True,True,shared
Q17A_2B,True,True,shared
Q17A_2C,True,True,shared
Q17A_2D,True,True,shared
Q17A_3A,True,True,shared
Q17A_3B,True,True,shared
Q17A_3C,True,True,shared
Q17A_3D,True,True,shared
Q17A_4A,True,True,shared
Q17A_4B,True,True,shared
Q17A_4C,True,True,shared
Q17A_4D,True,True,shared
Q17A_5A,True,True,shared
Q17A_5B,True,True,shared
Q17A_5C,True,True,shared
Q17A_5D,True,True,shared
Q17A_6A,True,True,shared
Q17A_6B,True,True,shared
Q17A_6C,True,True,shared
Q17A_6D,True,True,shared
Q17_1,True,True,shared
Q17_2,True,True,shared
Q17_3,True,True,shared
Q17_4,True,True,shared
Q17_5,True,True,shared
Q17_6,True,True,shared
Q18A_1,False,True,2025_only
Q18A_1A,True,False,2023_only
Q18A_1B,True,False,2023_only
Q18A_1C,True,False,2023_only
Q18A_1D,True,False,2023_only
Q18A_1E,True,False,2023_only
Q18A_1F,True,False,2023_only
Q18A_1G,True,False,2023_only
Q18A_1H,True,False,2023_only
Q18A_1I,True,False,2023_only
Q18A_1J,True,False,2023_only
Q18A_1K,True,False,2023_only
Q18A_1L,True,False,2023_only
Q18A_2,False,True,2025_only
Q18A_2A,True,False,2023_only
Q18A_2B,True,False,2023_only
Q18A_2C,True,False,2023_only
Q18A_2D,True,False,2023_only
Q18A_2E,True,False,2023_only
Q18A_2F,True,False,2023_only
Q18A_2G,True,False,2023_only
Q18A_2H,True,False,2023_only
Q18A_2I,True,False,2023_only
Q18A_2J,True,False,2023_only
Q18A_2K,True,False,2023_only
Q18A_2L,True,False,2023_only
Q18A_3,False,True,2025_only
Q18A_3A,True,False,2023_only
Q18A_3B,True,False,2023_only
Q18A_3C,True,False,2023_only
Q18A_3D,True,False,2023_only
Q18A_3E,True,False,2023_only
Q18A_3F,True,False,2023_only
Q18A_3G,True,False,2023_only
Q18A_3H,True,False,2023_only
Q18A_3I,True,False,2023_only
Q18A_3J,True,False,2023_only
Q18A_3K,True,False,2023_only
Q18A_3L,True,False,2023_only
Q18A_4,False,True,2025_only
Q18A_4A,True,False,2023_only
Q18A_4B,True,False,2023_only
Q18A_4C,True,False,2023_only
Q18A_4D,True,False,2023_only
Q18A_4E,True,False,2023_only
Q18A_4F,True,False,2023_only
Q18A_4G,True,False,2023_only
Q18A_4H,True,False,2023_only
Q18A_4I,True,False,2023_only
Q18A_4J,True,False,2023_only
Q18A_4K,True,False,2023_only
Q18A_4L,True,False,2023_only
Q18A_5,False,True,2025_only
Q18A_5A,True,False,2023_only
Q18A_5B,True,False,2023_only
Q18A_5C,True,False,2023_only
Q18A_5D,True,False,2023_only
Q18A_5E,True,False,2023_only
Q18A_5F,True,False,2023_only
Q18A_5G,True,False,2023_only
Q18A_5H,True,False,2023_only
Q18A_5I,True,False,2023_only
Q18A_5J,True,False,2023_only
Q18A_5K,True,False,2023_only
Q18A_5L,True,False,2023_only
Q18A_6,False,True,2025_only
Q18A_6A,True,False,2023_only
Q18A_6B,True,False,2023_only
Q18A_6C,True,False,2023_only
Q18A_6D,True,False,2023_only
Q18A_6E,True,False,2023_only
Q18A_6F,True,False,2023_only
Q18A_6G,True,False,2023_only
Q18A_6H,True,False,2023_only
Q18A_6I,True,False,2023_only
Q18A_6J,True,False,2023_only
Q18A_6K,True,False,2023_only
Q18A_6L,True,False,2023_only
Q18_1,True,True,shared
Q18_2,True,True,shared
Q18_3,True,True,shared
Q18_4,True,True,shared
Q18_5,True,True,shared
Q18_6,True,True,shared
Q19_1,True,True,shared
Q19_2,True,True,shared
Q19_3,True,True,shared
Q19_4,True,True,shared
Q19_5,True,True,shared
Q19_6,True,True,shared
Q19__1A,False,True,2025_only
Q19__1B,False,True,2025_only
Q19__1C,False,True,2025_only
Q19__1D,False,True,2025_only
Q19__2A,False,True,2025_only
Q19__2B,False,True,2025_only
Q19__2C,False,True,2025_only
Q19__2D,False,True,2025_only
Q19__3A,False,True,2025_only
Q19__3B,False,True,2025_only
Q19__3C,False,True,2025_only
Q19__3D,False,True,2025_only
Q19__4A,False,True,2025_only
Q19__4B,False,True,2025_only
Q19__4C,False,True,2025_only
Q19__4D,False,True,2025_only
Q19__5A,False,True,2025_only
Q19__5B,False,True,2025_only
Q19__5C,False,True,2025_only
Q19__5D,False,True,2025_only
Q19__6A,False,True,2025_only
Q19__6B,False,True,2025_only
Q19__6C,False,True,2025_only
Q19__6D,False,True,2025_only
Q1A,True,True,shared
Q1B,True,True,shared
Q1C,True,True,shared
Q1D,True,True,shared
Q1E,True,True,shared
Q2,False,True,2025_only
Q20_1A,True,True,shared
Q20_1B,True,True,shared
Q20_1C,True,True,shared
Q20_1D,True,True,shared
Q20_1E,True,True,shared
Q20_1F,True,True,shared
Q20_1G,True,True,shared
Q20_1H,True,True,shared
Q20_2A,True,True,shared
Q20_2B,True,True,shared
Q20_2C,True,True,shared
Q20_2D,True,True,shared
Q20_2E,True,True,shared
Q20_2F,True,True,shared
Q20_2G,True,True,shared
Q20_2H,True,True,shared
Q20_3A,True,True,shared
Q20_3B,True,True,shared
Q20_3C,True,True,shared
Q20_3D,True,True,shared
Q20_3E,True,True,shared
Q20_3F,True,True,shared
Q20_3G,True,True,shared
Q20_3H,True,True,shared
Q20_4A,True,True,shared
Q20_4B,True,True,shared
Q20_4C,True,True,shared
Q20_4D,True,True,shared
Q20_4E,True,True,shared
Q20_4F,True,True,shared
Q20_4G,True,True,shared
Q20_4H,True,True,shared
Q20_5A,True,True,shared
Q20_5B,True,True,shared
Q20_5C,True,True,shared
Q20_5D,True,True,shared
Q20_5E,True,True,shared
Q20_5F,True,True,shared
Q20_5G,True,True,shared
Q20_5H,True,True,shared
Q20_6A,True,True,shared
Q20_6B,True,True,shared
Q20_6C,True,True,shared
Q20_6D,True,True,shared
Q20_6E,True,True,shared
Q20_6F,True,True,shared
Q20_6G,True,True,shared
Q20_6H,True,True,shared
Q21_1,True,True,shared
Q21_2,True,True,shared
Q21_3,True,True,shared
Q21_4,True,True,shared
Q21_5,True,True,shared
Q21_6,True,True,shared
Q22_1A,True,True,shared
Q22_1B,True,True,shared
Q22_1C,True,True,shared
Q22_1D,True,True,shared
Q22_1E,True,True,shared
Q22_1F,True,True,shared
Q22_2A,True,True,shared
Q22_2B,True,True,shared
Q22_2C,True,True,shared
Q22_2D,True,True,shared
Q22_2E,True,True,shared
Q22_2F,True,True,shared
Q22_3A,True,True,shared
Q22_3B,True,True,shared
Q22_3C,True,True,shared
Q22_3D,True,True,shared
Q22_3E,True,True,shared
Q22_3F,True,True,shared
Q22_4A,True,True,shared
Q22_4B,True,True,shared
Q22_4C,True,True,shared
Q22_4D,True,True,shared
Q22_4E,True,True,shared
Q22_4F,True,True,shared
Q22_5A,True,True,shared
Q22_5B,True,True,shared
Q22_5C,True,True,shared
Q22_5D,True,True,shared
Q22_5E,True,True,shared
Q22_5F,True,True,shared
Q22_6A,True,True,shared
Q22_6B,True,True,shared
Q22_6C,True,True,shared
Q22_6D,True,True,shared
Q22_6E,True,True,shared
Q22_6F,True,True,shared
Q23_1A,True,True,shared
Q23_1B,True,True,shared
Q23_1C,True,True,shared
Q23_1D,True,True,shared
Q23_1E,True,True,shared
Q23_1F,True,True,shared
Q23_1G,True,True,shared
Q23_2A,True,True,shared
Q23_2B,True,True,shared
Q23_2C,True,True,shared
Q23_2D,True,True,shared
Q23_2E,True,True,shared
Q23_2F,True,True,shared
Q23_2G,True,True,shared
Q23_3A,True,True,shared
Q23_3B,True,True,shared
Q23_3C,True,True,shared
Q23_3D,True,True,shared
Q23_3E,True,True,shared
Q23_3F,True,True,shared
Q23_3G,True,True,shared
Q23_4A,True,True,shared
Q23_4B,True,True,shared
Q23_4C,True,True,shared
Q23_4D,True,True,shared
Q23_4E,True,True,shared
Q23_4F,True,True,shared
Q23_4G,True,True,shared
Q23_5A,True,True,shared
Q23_5B,True,True,shared
Q23_5C,True,True,shared
Q23_5D,True,True,shared
Q23_5E,True,True,shared
Q23_5F,True,True,shared
Q23_5G,True,True,shared
Q23_6A,True,True,shared
Q23_6B,True,True,shared
Q23_6C,True,True,shared
Q23_6D,True,True,shared
Q23_6E,True,True,shared
Q23_6F,True,True,shared
Q23_6G,True,True,shared
Q242526ASUMA,True,True,shared
Q242526ASUMB,True,True,shared
Q242526ASUMC,True,True,shared
Q242526ASUMD,True,True,shared
Q242526A_1A,True,True,shared
Q242526A_1B,True,True,shared
Q242526A_1C,True,True,shared
Q242526A_1D,True,True,shared
Q242526A_1E,True,True,shared
Q242526A_1F,True,True,shared
Q242526A_1G,True,True,shared
Q242526A_1H,True,True,shared
Q242526A_1I,True,True,shared
Q242526A_1J,True,True,shared
Q242526A_1K,True,True,shared
Q242526A_1L,True,True,shared
Q242526A_2A,True,True,shared
Q242526A_2B,True,True,shared
Q242526A_2C,True,True,shared
Q242526A_2D,True,True,shared
Q242526A_2E,True,True,shared
Q242526A_2F,True,True,shared
Q242526A_2G,True,True,shared
Q242526A_2H,True,True,shared
Q242526A_2I,True,True,shared
Q242526A_2J,True,True,shared
Q242526A_2K,True,True,shared
Q242526A_2L,True,True,shared
Q242526A_3A,True,True,shared
Q242526A_3B,True,True,shared
Q242526A_3C,True,True,shared
Q242526A_3D,True,True,shared
Q242526A_3E,True,True,shared
Q242526A_3F,True,True,shared
Q242526A_3G,True,True,shared
Q242526A_3H,True,True,shared
Q242526A_3I,True,True,shared
Q242526A_3J,True,True,shared
Q242526A_3K,True,True,shared
Q242526A_3L,True,True,shared
Q242526A_4A,True,True,shared
Q242526A_4B,True,True,shared
Q242526A_4C,True,True,shared
Q242526A_4D,True,True,shared
Q242526A_4E,True,True,shared
Q242526A_4F,True,True,shared
Q242526A_4G,True,True,shared
Q242526A_4H,True,True,shared
Q242526A_4I,True,True,shared
Q242526A_4J,True,True,shared
Q242526A_4K,True,True,shared
Q242526A_4L,True,True,shared
Q242526A_5A,True,True,shared
Q242526A_5B,True,True,shared
Q242526A_5C,True,True,shared
Q242526A_5D,True,True,shared
Q242526A_5E,True,True,shared
Q242526A_5F,True,True,shared
Q242526A_5G,True,True,shared
Q242526A_5H,True,True,shared
Q242526A_5I,True,True,shared
Q242526A_5J,True,True,shared
Q242526A_5K,True,True,shared
Q242526A_5L,True,True,shared
Q242526A_6A,True,True,shared
Q242526A_6B,True,True,shared
Q242526A_6C,True,True,shared
Q242526A_6D,True,True,shared
Q242526A_6E,True,True,shared
Q242526A_6F,True,True,shared
Q242526A_6G,True,True,shared
Q242526A_6H,True,True,shared
Q242526A_6I,True,True,shared
Q242526A_6J,True,True,shared
Q242526A_6K,True,True,shared
Q242526A_6L,True,True,shared
Q242526A_BUNSA,True,True,shared
Q242526A_BUNSB,True,True,shared
Q242526A_BUNSC,True,True,shared
Q242526A_BUNSD,True,True,shared
Q242526A_BUNSE,True,True,shared
Q242526A_BUNSF,True,True,shared
Q242526A_BUNSG,True,True,shared
Q242526A_BUNSH,True,True,shared
Q242526A_BUNSI,True,True,shared
Q242526A_BUNSJ,True,True,shared
Q242526A_BUNSK,True,True,shared
Q242526A_BUNSL,True,True,shared
Q242526BSUMA,True,True,shared
Q242526BSUMB,True,True,shared
Q242526BSUMC,True,True,shared
Q242526BSUMD,True,True,shared
Q242526B_1A,True,True,shared
Q242526B_1B,True,True,shared
Q242526B_1C,True,True,shared
Q242526B_1D,True,True,shared
Q242526B_1E,True,True,shared
Q242526B_1F,True,True,shared
Q242526B_1G,True,True,shared
Q242526B_1H,True,True,shared
Q242526B_1I,True,True,shared
Q242526B_1J,True,True,shared
Q242526B_1K,True,True,shared
Q242526B_1L,True,True,shared
Q242526B_2A,True,True,shared
Q242526B_2B,True,True,shared
Q242526B_2C,True,True,shared
Q242526B_2D,True,True,shared
Q242526B_2E,True,True,shared
Q242526B_2F,True,True,shared
Q242526B_2G,True,True,shared
Q242526B_2H,True,True,shared
Q242526B_2I,True,True,shared
Q242526B_2J,True,True,shared
Q242526B_2K,True,True,shared
Q242526B_2L,True,True,shared
Q242526B_3A,True,True,shared
Q242526B_3B,True,True,shared
Q242526B_3C,True,True,shared
Q242526B_3D,True,True,shared
Q242526B_3E,True,True,shared
Q242526B_3F,True,True,shared
Q242526B_3G,True,True,shared
Q242526B_3H,True,True,shared
Q242526B_3I,True,True,shared
Q242526B_3J,True,True,shared
Q242526B_3K,True,True,shared
Q242526B_3L,True,True,shared
Q242526B_4A,True,True,shared
Q242526B_4B,True,True,shared
Q242526B_4C,True,True,shared
Q242526B_4D,True,True,shared
Q242526B_4E,True,True,shared
Q242526B_4F,True,True,shared
Q242526B_4G,True,True,shared
Q242526B_4H,True,True,shared
Q242526B_4I,True,True,shared
Q242526B_4J,True,True,shared
Q242526B_4K,True,True,shared
Q242526B_4L,True,True,shared
Q242526B_5A,True,True,shared
Q242526B_5B,True,True,shared
Q242526B_5C,True,True,shared
Q242526B_5D,True,True,shared
Q242526B_5E,True,True,shared
Q242526B_5F,True,True,shared
Q242526B_5G,True,True,shared
Q242526B_5H,True,True,shared
Q242526B_5I,True,True,shared
Q242526B_5J,True,True,shared
Q242526B_5K,True,True,shared
Q242526B_5L,True,True,shared
Q242526B_6A,True,True,shared
Q242526B_6B,True,True,shared
Q242526B_6C,True,True,shared
Q242526B_6D,True,True,shared
Q242526B_6E,True,True,shared
Q242526B_6F,True,True,shared
Q242526B_6G,True,True,shared
Q242526B_6H,True,True,shared
Q242526B_6I,True,True,shared
Q242526B_6J,True,True,shared
Q242526B_6K,True,True,shared
Q242526B_6L,True,True,shared
Q242526B_BUNSA,True,True,shared
Q242526B_BUNSB,True,True,shared
Q242526B_BUNSC,True,True,shared
Q242526B_BUNSD,True,True,shared
Q242526B_BUNSE,True,True,shared
Q242526B_BUNSF,True,True,shared
Q242526B_BUNSG,True,True,shared
Q242526B_BUNSH,True,True,shared
Q242526B_BUNSI,True,True,shared
Q242526B_BUNSJ,True,True,shared
Q242526B_BUNSK,True,True,shared
Q242526B_BUNSL,True,True,shared
Q24A_1,True,True,shared
Q24A_2,True,True,shared
Q24A_3,True,True,shared
Q24A_4,True,True,shared
Q24A_5,True,True,shared
Q24A_6,True,True,shared
Q24_1,True,True,shared
Q24_2,True,True,shared
Q24_3,True,True,shared
Q24_4,True,True,shared
Q24_5,True,True,shared
Q24_6,True,True,shared
Q25_1,True,True,shared
Q25_2,True,True,shared
Q25_3,True,True,shared
Q25_4,True,True,shared
Q25_5,True,True,shared
Q25_6,True,True,shared
Q26_1,True,True,shared
Q26_2,True,True,shared
Q26_3,True,True,shared
Q26_4,True,True,shared
Q26_5,True,True,shared
Q26_6,True,True,shared
Q27_1A,True,True,shared
Q27_1B,True,True,shared
Q27_1C,True,True,shared
Q27_1D,True,True,shared
Q27_2A,True,True,shared
Q27_2B,True,True,shared
Q27_2C,True,True,shared
Q27_2D,True,True,shared
Q27_3A,True,True,shared
Q27_3B,True,True,shared
Q27_3C,True,True,shared
Q27_3D,True,True,shared
Q27_4A,True,True,shared
Q27_4B,True,True,shared
Q27_4C,True,True,shared
Q27_4D,True,True,shared
Q27_5A,True,True,shared
Q27_5B,True,True,shared
Q27_5C,True,True,shared
Q27_5D,True,True,shared
Q27_6A,True,True,shared
Q27_6B,True,True,shared
Q27_6C,True,True,shared
Q27_6D,True,True,shared
Q28A_1,True,True,shared
Q28A_2,True,True,shared
Q28A_3,True,True,shared
Q28A_4,True,True,shared
Q28A_5,True,True,shared
Q28A_6,True,True,shared
Q28B_1,True,True,shared
Q28B_2,True,True,shared
Q28B_3,True,True,shared
Q28B_4,True,True,shared
Q28B_5,True,True,shared
Q28B_6,True,True,shared
Q28C_1,True,True,shared
Q28C_2,True,True,shared
Q28C_3,True,True,shared
Q28C_4,True,True,shared
Q28C_5,True,True,shared
Q28C_6,True,True,shared
Q28D_1,True,True,shared
Q28D_2,True,True,shared
Q28D_3,True,True,shared
Q28D_4,True,True,shared
Q28D_5,True,True,shared
Q28D_6,True,True,shared
Q28S_1_1A,True,True,shared
Q28S_1_1B,True,True,shared
Q28S_1_1C,True,True,shared
Q28S_1_1D,True,True,shared
Q28S_1_1E,True,True,shared
Q28S_1_2A,True,True,shared
Q28S_1_2B,True,True,shared
Q28S_1_2C,True,True,shared
Q28S_1_2D,True,True,shared
Q28S_1_2E,True,True,shared
Q28S_1_3A,True,True,shared
Q28S_1_3B,True,True,shared
Q28S_1_3C,True,True,shared
Q28S_1_3D,True,True,shared
Q28S_1_3E,True,True,shared
Q28S_1_4A,True,True,shared
Q28S_1_4B,True,True,shared
Q28S_1_4C,True,True,shared
Q28S_1_4D,True,True,shared
Q28S_1_4E,True,True,shared
Q28S_1_5A,True,True,shared
Q28S_1_5B,True,True,shared
Q28S_1_5C,True,True,shared
Q28S_1_5D,True,True,shared
Q28S_1_5E,True,True,shared
Q28S_1_6A,True,True,shared
Q28S_1_6B,True,True,shared
Q28S_1_6C,True,True,shared
Q28S_1_6D,True,True,shared
Q28S_1_6E,True,True,shared
Q28S_2_1A,True,True,shared
Q28S_2_1B,True,True,shared
Q28S_2_1C,True,True,shared
Q28S_2_1D,True,True,shared
Q28S_2_1E,True,True,shared
Q28S_2_2A,True,True,shared
Q28S_2_2B,True,True,shared
Q28S_2_2C,True,True,shared
Q28S_2_2D,True,True,shared
Q28S_2_2E,True,True,shared
Q28S_2_3A,True,True,shared
Q28S_2_3B,True,True,shared
Q28S_2_3C,True,True,shared
Q28S_2_3D,True,True,shared
Q28S_2_3E,True,True,shared
Q28S_2_4A,True,True,shared
Q28S_2_4B,True,True,shared
Q28S_2_4C,True,True,shared
Q28S_2_4D,True,True,shared
Q28S_2_4E,True,True,shared
Q28S_2_5A,True,True,shared
Q28S_2_5B,True,True,shared
Q28S_2_5C,True,True,shared
Q28S_2_5D,True,True,shared
Q28S_2_5E,True,True,shared
Q28S_2_6A,True,True,shared
Q28S_2_6B,True,True,shared
Q28S_2_6C,True,True,shared
Q28S_2_6D,True,True,shared
Q28S_2_6E,True,True,shared
Q28S_3_1A,True,True,shared
Q28S_3_1B,True,True,shared
Q28S_3_1C,True,True,shared
Q28S_3_1D,True,True,shared
Q28S_3_1E,True,True,shared
Q28S_3_2A,True,True,shared
Q28S_3_2B,True,True,shared
Q28S_3_2C,True,True,shared
Q28S_3_2D,True,True,shared
Q28S_3_2E,True,True,shared
Q28S_3_3A,True,True,shared
Q28S_3_3B,True,True,shared
Q28S_3_3C,True,True,shared
Q28S_3_3D,True,True,shared
Q28S_3_3E,True,True,shared
Q28S_3_4A,True,True,shared
Q28S_3_4B,True,True,shared
Q28S_3_4C,True,True,shared
Q28S_3_4D,True,True,shared
Q28S_3_4E,True,True,shared
Q28S_3_5A,True,True,shared
Q28S_3_5B,True,True,shared
Q28S_3_5C,True,True,shared
Q28S_3_5D,True,True,shared
Q28S_3_5E,True,True,shared
Q28S_3_6A,True,True,shared
Q28S_3_6B,True,True,shared
Q28S_3_6C,True,True,shared
Q28S_3_6D,True,True,shared
Q28S_3_6E,True,True,shared
Q28S_4_1A,True,True,shared
Q28S_4_1B,True,True,shared
Q28S_4_1C,True,True,shared
Q28S_4_1D,True,True,shared
Q28S_4_1E,True,True,shared
Q28S_4_2A,True,True,shared
Q28S_4_2B,True,True,shared
Q28S_4_2C,True,True,shared
Q28S_4_2D,True,True,shared
Q28S_4_2E,True,True,shared
Q28S_4_3A,True,True,shared
Q28S_4_3B,True,True,shared
Q28S_4_3C,True,True,shared
Q28S_4_3D,True,True,shared
Q28S_4_3E,True,True,shared
Q28S_4_4A,True,True,shared
Q28S_4_4B,True,True,shared
Q28S_4_4C,True,True,shared
Q28S_4_4D,True,True,shared
Q28S_4_4E,True,True,shared
Q28S_4_5A,True,True,shared
Q28S_4_5B,True,True,shared
Q28S_4_5C,True,True,shared
Q28S_4_5D,True,True,shared
Q28S_4_5E,True,True,shared
Q28S_4_6A,True,True,shared
Q28S_4_6B,True,True,shared
Q28S_4_6C,True,True,shared
Q28S_4_6D,True,True,shared
Q28S_4_6E,True,True,shared
Q28_1_1,True,True,shared
Q28_1_2,True,True,shared
Q28_1_3,True,True,shared
Q28_1_4,True,True,shared
Q28_1_5,True,True,shared
Q28_1_6,True,True,shared
Q28_2_1,True,True,shared
Q28_2_2,True,True,shared
Q28_2_3,True,True,shared
Q28_2_4,True,True,shared
Q28_2_5,True,True,shared
Q28_2_6,True,True,shared
Q28_3_1,True,True,shared
Q28_3_2,True,True,shared
Q28_3_3,True,True,shared
Q28_3_4,True,True,shared
Q28_3_5,True,True,shared
Q28_3_6,True,True,shared
Q28_4_1,True,True,shared
Q28_4_2,True,True,shared
Q28_4_3,True,True,shared
Q28_4_4,True,True,shared
Q28_4_5,True,True,shared
Q28_4_6,True,True,shared
Q29A_1_1,True,True,shared
Q29A_1_2,True,True,shared
Q29A_1_3,True,True,shared
Q29A_1_4,True,True,shared
Q29A_1_5,True,True,shared
Q29A_1_6,True,True,shared
Q29A_2_1,True,True,shared
Q29A_2_2,True,True,shared
Q29A_2_3,True,True,shared
Q29A_2_4,True,True,shared
Q29A_2_5,True,True,shared
Q29A_2_6,True,True,shared
Q29A_3_1,True,True,shared
Q29A_3_2,True,True,shared
Q29A_3_3,True,True,shared
Q29A_3_4,True,True,shared
Q29A_3_5,True,True,shared
Q29A_3_6,True,True,shared
Q29A_4_1,True,True,shared
Q29A_4_2,True,True,shared
Q29A_4_3,True,True,shared
Q29A_4_4,True,True,shared
Q29A_4_5,True,True,shared
Q29A_4_6,True,True,shared
Q29B_1_1,True,True,shared
Q29B_1_2,True,True,shared
Q29B_1_3,True,True,shared
Q29B_1_4,True,True,shared
Q29B_1_5,True,True,shared
Q29B_1_6,True,True,shared
Q29B_2_1,True,True,shared
Q29B_2_2,True,True,shared
Q29B_2_3,True,True,shared
Q29B_2_4,True,True,shared
Q29B_2_5,True,True,shared
Q29B_2_6,True,True,shared
Q29B_3_1,True,True,shared
Q29B_3_2,True,True,shared
Q29B_3_3,True,True,shared
Q29B_3_4,True,True,shared
Q29B_3_5,True,True,shared
Q29B_3_6,True,True,shared
Q29B_4_1,True,True,shared
Q29B_4_2,True,True,shared
Q29B_4_3,True,True,shared
Q29B_4_4,True,True,shared
Q29B_4_5,True,True,shared
Q29B_4_6,True,True,shared
Q29D_1_1,True,True,shared
Q29D_1_2,True,True,shared
Q29D_1_3,True,True,shared
Q29D_1_4,True,True,shared
Q29D_1_5,True,True,shared
Q29D_1_6,True,True,shared
Q29D_2_1,True,True,shared
Q29D_2_2,True,True,shared
Q29D_2_3,True,True,shared
Q29D_2_4,True,True,shared
Q29D_2_5,True,True,shared
Q29D_2_6,True,True,shared
Q29D_3_1,True,True,shared
Q29D_3_2,True,True,shared
Q29D_3_3,True,True,shared
Q29D_3_4,True,True,shared
Q29D_3_5,True,True,shared
Q29D_3_6,True,True,shared
Q29D_4_1,True,True,shared
Q29D_4_2,True,True,shared
Q29D_4_3,True,True,shared
Q29D_4_4,True,True,shared
Q29D_4_5,True,True,shared
Q29D_4_6,True,True,shared
Q29_1_1,True,True,shared
Q29_1_2,True,True,shared
Q29_1_3,True,True,shared
Q29_1_4,True,True,shared
Q29_1_5,True,True,shared
Q29_1_6,True,True,shared
Q29_2_1,True,True,shared
Q29_2_2,True,True,shared
Q29_2_3,True,True,shared
Q29_2_4,True,True,shared
Q29_2_5,True,True,shared
Q29_2_6,True,True,shared
Q29_3_1,True,True,shared
Q29_3_2,True,True,shared
Q29_3_3,True,True,shared
Q29_3_4,True,True,shared
Q29_3_5,True,True,shared
Q29_3_6,True,True,shared
Q29_4_1,True,True,shared
Q29_4_2,True,True,shared
Q29_4_3,True,True,shared
Q29_4_4,True,True,shared
Q29_4_5,True,True,shared
Q29_4_6,True,True,shared
Q2A,True,True,shared
Q2AA,True,True,shared
Q2BA,True,True,shared
Q2BB,True,True,shared
Q2BC,True,True,shared
Q2BD,True,True,shared
Q2BE,True,True,shared
Q2BF,True,True,shared
Q2BG,True,True,shared
Q2BH,True,True,shared
Q2C_1A,True,True,shared
Q2C_1B,True,True,shared
Q2C_1C,True,True,shared
Q2C_1D,True,True,shared
Q2C_1E,True,True,shared
Q2C_1F,True,True,shared
Q2C_1G,True,True,shared
Q2C_2A,True,True,shared
Q2C_2B,True,True,shared
Q2C_2C,True,True,shared
Q2C_2D,True,True,shared
Q2C_2E,True,True,shared
Q2C_2F,True,True,shared
Q2C_2G,True,True,shared
Q2C_3A,True,True,shared
Q2C_3B,True,True,shared
Q2C_3C,True,True,shared
Q2C_3D,True,True,shared
Q2C_3E,True,True,shared
Q2C_3F,True,True,shared
Q2C_3G,True,True,shared
Q2C_4A,True,True,shared
Q2C_4B,True,True,shared
Q2C_4C,True,True,shared
Q2C_4D,True,True,shared
Q2C_4E,True,True,shared
Q2C_4F,True,True,shared
Q2C_4G,True,True,shared
Q2C_5A,True,True,shared
Q2C_5B,True,True,shared
Q2C_5C,True,True,shared
Q2C_5D,True,True,shared
Q2C_5E,True,True,shared
Q2C_5F,True,True,shared
Q2C_5G,True,True,shared
Q30_1_1,False,True,2025_only
Q30_1_2,False,True,2025_only
Q30_1_3,False,True,2025_only
Q30_1_4,False,True,2025_only
Q30_1_5,False,True,2025_only
Q30_1_6,False,True,2025_only
Q30_3_1,False,True,2025_only
Q30_3_2,False,True,2025_only
Q30_3_3,False,True,2025_only
Q30_3_4,False,True,2025_only
Q30_3_5,False,True,2025_only
Q30_3_6,False,True,2025_only
Q32A_1,True,True,shared
Q32A_2,True,True,shared
Q32A_3,True,True,shared
Q32A_4,True,True,shared
Q32A_5,True,True,shared
Q32A_6,True,True,shared
Q32B_1,True,True,shared
Q32B_2,True,True,shared
Q32B_3,True,True,shared
Q32B_4,True,True,shared
Q32B_5,True,True,shared
Q32B_6,True,True,shared
Q32C_1,True,True,shared
Q32C_2,True,True,shared
Q32C_3,True,True,shared
Q32C_4,True,True,shared
Q32C_5,True,True,shared
Q32C_6,True,True,shared
Q32D_1,True,True,shared
Q32D_2,True,True,shared
Q32D_3,True,True,shared
Q32D_4,True,True,shared
Q32D_5,True,True,shared
Q32D_6,True,True,shared
Q32E_1A,True,True,shared
Q32E_1B,True,True,shared
Q32E_1C,True,True,shared
Q32E_1D,True,True,shared
Q32E_1E,True,True,shared
Q32E_1F,True,True,shared
Q32E_2A,True,True,shared
Q32E_2B,True,True,shared
Q32E_2C,True,True,shared
Q32E_2D,True,True,shared
Q32E_2E,True,True,shared
Q32E_2F,True,True,shared
Q32E_3A,True,True,shared
Q32E_3B,True,True,shared
Q32E_3C,True,True,shared
Q32E_3D,True,True,shared
Q32E_3E,True,True,shared
Q32E_3F,True,True,shared
Q32E_4A,True,True,shared
Q32E_4B,True,True,shared
Q32E_4C,True,True,shared
Q32E_4D,True,True,shared
Q32E_4E,True,True,shared
Q32E_4F,True,True,shared
Q32E_5A,True,True,shared
Q32E_5B,True,True,shared
Q32E_5C,True,True,shared
Q32E_5D,True,True,shared
Q32E_5E,True,True,shared
Q32E_5F,True,True,shared
Q32E_6A,True,True,shared
Q32E_6B,True,True,shared
Q32E_6C,True,True,shared
Q32E_6D,True,True,shared
Q32E_6E,True,True,shared
Q32E_6F,True,True,shared
Q32F_1A,True,True,shared
Q32F_1B,True,True,shared
Q32F_1C,True,True,shared
Q32F_1D,True,True,shared
Q32F_1E,True,True,shared
Q32F_1F,True,True,shared
Q32F_2A,True,True,shared
Q32F_2B,True,True,shared
Q32F_2C,True,True,shared
Q32F_2D,True,True,shared
Q32F_2E,True,True,shared
Q32F_2F,True,True,shared
Q32F_3A,True,True,shared
Q32F_3B,True,True,shared
Q32F_3C,True,True,shared
Q32F_3D,True,True,shared
Q32F_3E,True,True,shared
Q32F_3F,True,True,shared
Q32F_4A,True,True,shared
Q32F_4B,True,True,shared
Q32F_4C,True,True,shared
Q32F_4D,True,True,shared
Q32F_4E,True,True,shared
Q32F_4F,True,True,shared
Q32F_5A,True,True,shared
Q32F_5B,True,True,shared
Q32F_5C,True,True,shared
Q32F_5D,True,True,shared
Q32F_5E,True,True,shared
Q32F_5F,True,True,shared
Q32F_6A,True,True,shared
Q32F_6B,True,True,shared
Q32F_6C,True,True,shared
Q32F_6D,True,True,shared
Q32F_6E,True,True,shared
Q32F_6F,True,True,shared
Q33A_1,True,True,shared
Q33A_2,True,True,shared
Q33A_3,True,True,shared
Q33A_4,True,True,shared
Q33A_5,True,True,shared
Q33A_6,True,True,shared
Q33B_1A,True,True,shared
Q33B_1B,True,True,shared
Q33B_1C,True,True,shared
Q33B_1D,True,True,shared
Q33B_1E,True,True,shared
Q33B_1F,True,True,shared
Q33B_1G,True,True,shared
Q33B_1H,True,True,shared
Q33B_1I,True,True,shared
Q33B_2A,True,True,shared
Q33B_2B,True,True,shared
Q33B_2C,True,True,shared
Q33B_2D,True,True,shared
Q33B_2E,True,True,shared
Q33B_2F,True,True,shared
Q33B_2G,True,True,shared
Q33B_2H,True,True,shared
Q33B_2I,True,True,shared
Q33B_3A,True,True,shared
Q33B_3B,True,True,shared
Q33B_3C,True,True,shared
Q33B_3D,True,True,shared
Q33B_3E,True,True,shared
Q33B_3F,True,True,shared
Q33B_3G,True,True,shared
Q33B_3H,True,True,shared
Q33B_3I,True,True,shared
Q33B_4A,True,True,shared
Q33B_4B,True,True,shared
Q33B_4C,True,True,shared
Q33B_4D,True,True,shared
Q33B_4E,True,True,shared
Q33B_4F,True,True,shared
Q33B_4G,True,True,shared
Q33B_4H,True,True,shared
Q33B_4I,True,True,shared
Q33B_5A,True,True,shared
Q33B_5B,True,True,shared
Q33B_5C,True,True,shared
Q33B_5D,True,True,shared
Q33B_5E,True,True,shared
Q33B_5F,True,True,shared
Q33B_5G,True,True,shared
Q33B_5H,True,True,shared
Q33B_5I,True,True,shared
Q33B_6A,True,True,shared
Q33B_6B,True,True,shared
Q33B_6C,True,True,shared
Q33B_6D,True,True,shared
Q33B_6E,True,True,shared
Q33B_6F,True,True,shared
Q33B_6G,True,True,shared
Q33B_6H,True,True,shared
Q33B_6I,True,True,shared
Q33_1_1A,True,True,shared
Q33_1_1B,True,True,shared
Q33_1_1C,True,True,shared
Q33_1_1D,True,True,shared
Q33_1_1E,True,True,shared
Q33_1_1F,True,True,shared
Q33_1_1G,True,True,shared
Q33_1_2A,True,True,shared
Q33_1_2B,True,True,shared
Q33_1_2C,True,True,shared
Q33_1_2D,True,True,shared
Q33_1_2E,True,True,shared
Q33_1_2F,True,True,shared
Q33_1_2G,True,True,shared
Q33_1_3A,True,True,shared
Q33_1_3B,True,True,shared
Q33_1_3C,True,True,shared
Q33_1_3D,True,True,shared
Q33_1_3E,True,True,shared
Q33_1_3F,True,True,shared
Q33_1_3G,True,True,shared
Q33_1_4A,True,True,shared
Q33_1_4B,True,True,shared
Q33_1_4C,True,True,shared
Q33_1_4D,True,True,shared
Q33_1_4E,True,True,shared
Q33_1_4F,True,True,shared
Q33_1_4G,True,True,shared
Q33_2_1A,True,True,shared
Q33_2_1B,True,True,shared
Q33_2_1C,True,True,shared
Q33_2_1D,True,True,shared
Q33_2_1E,True,True,shared
Q33_2_1F,True,True,shared
Q33_2_1G,True,True,shared
Q33_2_2A,True,True,shared
Q33_2_2B,True,True,shared
Q33_2_2C,True,True,shared
Q33_2_2D,True,True,shared
Q33_2_2E,True,True,shared
Q33_2_2F,True,True,shared
Q33_2_2G,True,True,shared
Q33_2_3A,True,True,shared
Q33_2_3B,True,True,shared
Q33_2_3C,True,True,shared
Q33_2_3D,True,True,shared
Q33_2_3E,True,True,shared
Q33_2_3F,True,True,shared
Q33_2_3G,True,True,shared
Q33_2_4A,True,True,shared
Q33_2_4B,True,True,shared
Q33_2_4C,True,True,shared
Q33_2_4D,True,True,shared
Q33_2_4E,True,True,shared
Q33_2_4F,True,True,shared
Q33_2_4G,True,True,shared
Q33_3_1A,True,True,shared
Q33_3_1B,True,True,shared
Q33_3_1C,True,True,shared
Q33_3_1D,True,True,shared
Q33_3_1E,True,True,shared
Q33_3_1F,True,True,shared
Q33_3_1G,True,True,shared
Q33_3_2A,True,True,shared
Q33_3_2B,True,True,shared
Q33_3_2C,True,True,shared
Q33_3_2D,True,True,shared
Q33_3_2E,True,True,shared
Q33_3_2F,True,True,shared
Q33_3_2G,True,True,shared
Q33_3_3A,True,True,shared
Q33_3_3B,True,True,shared
Q33_3_3C,True,True,shared
Q33_3_3D,True,True,shared
Q33_3_3E,True,True,shared
Q33_3_3F,True,True,shared
Q33_3_3G,True,True,shared
Q33_3_4A,True,True,shared
Q33_3_4B,True,True,shared
Q33_3_4C,True,True,shared
Q33_3_4D,True,True,shared
Q33_3_4E,True,True,shared
Q33_3_4F,True,True,shared
Q33_3_4G,True,True,shared
Q33_4_1A,True,True,shared
Q33_4_1B,True,True,shared
Q33_4_1C,True,True,shared
Q33_4_1D,True,True,shared
Q33_4_1E,True,True,shared
Q33_4_1F,True,True,shared
Q33_4_1G,True,True,shared
Q33_4_2A,True,True,shared
Q33_4_2B,True,True,shared
Q33_4_2C,True,True,shared
Q33_4_2D,True,True,shared
Q33_4_2E,True,True,shared
Q33_4_2F,True,True,shared
Q33_4_2G,True,True,shared
Q33_4_3A,True,True,shared
Q33_4_3B,True,True,shared
Q33_4_3C,True,True,shared
Q33_4_3D,True,True,shared
Q33_4_3E,True,True,shared
Q33_4_3F,True,True,shared
Q33_4_3G,True,True,shared
Q33_4_4A,True,True,shared
Q33_4_4B,True,True,shared
Q33_4_4C,True,True,shared
Q33_4_4D,True,True,shared
Q33_4_4E,True,True,shared
Q33_4_4F,True,True,shared
Q33_4_4G,True,True,shared
Q33_5_1A,True,True,shared
Q33_5_1B,True,True,shared
Q33_5_1C,True,True,shared
Q33_5_1D,True,True,shared
Q33_5_1E,True,True,shared
Q33_5_1F,True,True,shared
Q33_5_1G,True,True,shared
Q33_5_2A,True,True,shared
Q33_5_2B,True,True,shared
Q33_5_2C,True,True,shared
Q33_5_2D,True,True,shared
Q33_5_2E,True,True,shared
Q33_5_2F,True,True,shared
Q33_5_2G,True,True,shared
Q33_5_3A,True,True,shared
Q33_5_3B,True,True,shared
Q33_5_3C,True,True,shared
Q33_5_3D,True,True,shared
Q33_5_3E,True,True,shared
Q33_5_3F,True,True,shared
Q33_5_3G,True,True,shared
Q33_5_4A,True,True,shared
Q33_5_4B,True,True,shared
Q33_5_4C,True,True,shared
Q33_5_4D,True,True,shared
Q33_5_4E,True,True,shared
Q33_5_4F,True,True,shared
Q33_5_4G,True,True,shared
Q33_6_1A,True,True,shared
Q33_6_1B,True,True,shared
Q33_6_1C,True,True,shared
Q33_6_1D,True,True,shared
Q33_6_1E,True,True,shared
Q33_6_1F,True,True,shared
Q33_6_1G,True,True,shared
Q33_6_2A,True,True,shared
Q33_6_2B,True,True,shared
Q33_6_2C,True,True,shared
Q33_6_2D,True,True,shared
Q33_6_2E,True,True,shared
Q33_6_2F,True,True,shared
Q33_6_2G,True,True,shared
Q33_6_3A,True,True,shared
Q33_6_3B,True,True,shared
Q33_6_3C,True,True,shared
Q33_6_3D,True,True,shared
Q33_6_3E,True,True,shared
Q33_6_3F,True,True,shared
Q33_6_3G,True,True,shared
Q33_6_4A,True,True,shared
Q33_6_4B,True,True,shared
Q33_6_4C,True,True,shared
Q33_6_4D,True,True,shared
Q33_6_4E,True,True,shared
Q33_6_4F,True,True,shared
Q33_6_4G,True,True,shared
Q34A,True,True,shared
Q34AAA,True,True,shared
Q34AAB,True,True,shared
Q34AAC,True,True,shared
Q34AAD,True,True,shared
Q34AAE,True,True,shared
Q34AAF,True,True,shared
Q34AB,True,True,shared
Q34AC,True,True,shared
Q34AD,True,True,shared
Q34AE,True,True,shared
Q34AFA,True,True,shared
Q34AFB,True,True,shared
Q34AFC,True,True,shared
Q34AFD,True,True,shared
Q34AFE,True,True,shared
Q34AFF,True,True,shared
Q34AFG,True,True,shared
Q34AFH,True,True,shared
Q34AFI,True,True,shared
Q34AFJ,True,True,shared
Q34AFK,True,True,shared
Q34B,True,True,shared
Q34BA,True,True,shared
Q34BB,True,True,shared
Q34BC,True,True,shared
Q34BD,True,True,shared
Q34C,True,True,shared
Q34CA,True,True,shared
Q34CB,True,True,shared
Q34CC,True,True,shared
Q34CD,True,True,shared
Q34CON_1A,True,True,shared
Q34CON_1B,True,True,shared
Q34CON_1C,True,True,shared
Q34CON_1D,True,True,shared
Q34CON_1E,True,True,shared
Q34CON_1F,True,True,shared
Q34CON_1G,True,True,shared
Q34CON_2A,True,True,shared
Q34CON_2B,True,True,shared
Q34CON_2C,True,True,shared
Q34CON_2D,True,True,shared
Q34CON_2E,True,True,shared
Q34CON_2F,True,True,shared
Q34CON_2G,True,True,shared
Q34CON_3A,True,True,shared
Q34CON_3B,True,True,shared
Q34CON_3C,True,True,shared
Q34CON_3D,True,True,shared
Q34CON_3E,True,True,shared
Q34CON_3F,True,True,shared
Q34CON_3G,True,True,shared
Q34CON_4A,True,True,shared
Q34CON_4B,True,True,shared
Q34CON_4C,True,True,shared
Q34CON_4D,True,True,shared
Q34CON_4E,True,True,shared
Q34CON_4F,True,True,shared
Q34CON_4G,True,True,shared
Q34CON_5A,True,True,shared
Q34CON_5B,True,True,shared
Q34CON_5C,True,True,shared
Q34CON_5D,True,True,shared
Q34CON_5E,True,True,shared
Q34CON_5F,True,True,shared
Q34CON_5G,True,True,shared
Q34CON_6A,True,True,shared
Q34CON_6B,True,True,shared
Q34CON_6C,True,True,shared
Q34CON_6D,True,True,shared
Q34CON_6E,True,True,shared
Q34CON_6F,True,True,shared
Q34CON_6G,True,True,shared
Q34D,True,True,shared
Q34DA,True,True,shared
Q34DC,True,True,shared
Q34DD,True,True,shared
Q34E,True,True,shared
Q34F,True,True,shared
Q35,True,True,shared
Q36AA,True,True,shared
Q36AB,True,True,shared
Q36AC,True,True,shared
Q36AD,True,True,shared
Q36AE,True,True,shared
Q36AF,True,True,shared
Q36AG,True,True,shared
Q36BA,True,True,shared
Q36BB,True,True,shared
Q36BC,True,True,shared
Q36BD,True,True,shared
Q36BE,True,True,shared
Q36BF,True,True,shared
Q36BG,True,True,shared
Q36CA,True,True,shared
Q36CB,True,True,shared
Q36CC,True,True,shared
Q36CD,True,True,shared
Q36CE,True,True,shared
Q36CF,True,True,shared
Q36CG,True,True,shared
Q36DA,True,True,shared
Q36DB,True,True,shared
Q36DC,True,True,shared
Q36DD,True,True,shared
Q36DE,True,True,shared
Q36DF,True,True,shared
Q36DG,True,True,shared
Q36EA,True,True,shared
Q36EB,True,True,shared
Q36EC,True,True,shared
Q36ED,True,True,shared
Q36EE,True,True,shared
Q36EF,True,True,shared
Q36EG,True,True,shared
Q37AA,False,True,2025_only
Q37AB,False,True,2025_only
Q37AC,False,True,2025_only
Q37AD,False,True,2025_only
Q37_01,True,True,shared
Q37_02,True,True,shared
Q37_03,True,True,shared
Q37_04,True,True,shared
Q37_05,True,True,shared
Q37_06,True,True,shared
Q37_07,True,True,shared
Q37_08,True,True,shared
Q37_09,True,True,shared
Q37_10,True,True,shared
Q37_11,True,True,shared
Q37_12,True,True,shared
Q37_13,False,True,2025_only
Q38A,True,True,shared
Q38B,True,True,shared
Q38C,True,True,shared
Q38D,True,True,shared
Q39A,True,True,shared
Q39B,True,True,shared
Q39C,True,True,shared
Q3A,True,True,shared
Q3B,True,True,shared
Q3C,True,True,shared
Q3D,True,True,shared
Q3E,True,True,shared
Q40_1,True,True,shared
Q40_2,True,True,shared
Q41_1,False,True,2025_only
Q41_2,False,True,2025_only
Q41_3,False,True,2025_only
Q4AA,True,True,shared
Q4AB,True,True,shared
Q4AC,True,True,shared
Q4AD,True,True,shared
Q4AE,True,True,shared
Q4AF,True,True,shared
Q4AG,True,True,shared
Q4AH,True,True,shared
Q4AI,True,True,shared
Q4AJ,True,True,shared
Q4AK,True,True,shared
Q4AL,True,True,shared
Q4AM,True,True,shared
Q4AN,True,True,shared
Q4AO,True,True,shared
Q4AP,False,True,2025_only
Q4BA,True,True,shared
Q4BB,True,True,shared
Q4BC,True,True,shared
Q4BD,True,True,shared
Q4BE,True,True,shared
Q4BF,True,True,shared
Q4BG,True,True,shared
Q4BH,True,True,shared
Q4BI,True,True,shared
Q4BJ,True,True,shared
Q4BK,True,True,shared
Q4BL,True,True,shared
Q4BM,True,True,shared
Q4BN,True,True,shared
Q4BO,False,True,2025_only
Q5A,True,True,shared
Q5B,True,True,shared
Q5C,True,True,shared
Q5D,True,True,shared
Q5E,True,True,shared
Q5F,True,True,shared
Q5G,True,True,shared
Q5H,True,True,shared
Q5I,True,True,shared
Q5J,True,True,shared
Q5K,True,True,shared
Q5L,True,True,shared
Q5M,True,True,shared
Q5N,True,True,shared
Q5O,True,True,shared
Q5P,True,True,shared
Q5Q,True,True,shared
Q5R,True,True,shared
Q5S,True,True,shared
Q6A,True,True,shared
Q6B,True,True,shared
Q6C,True,True,shared
Q6D,True,True,shared
Q6EA,True,True,shared
Q6EAA,True,True,shared
Q6EAB,True,True,shared
Q6EAC,True,True,shared
Q6EAD,True,True,shared
Q6EAE,True,True,shared
Q6EAF,True,True,shared
Q6EAG,True,True,shared
Q6EAH,True,True,shared
Q6EAI,True,True,shared
Q6EAJ,True,True,shared
Q6EAK,True,True,shared
Q6EAL,True,True,shared
Q6EAM,True,True,shared
Q6EAN,True,True,shared
Q6EAO,True,True,shared
Q6EAP,True,True,shared
Q6EAQ,True,True,shared
Q6EAR,True,True,shared
Q6EAS,True,True,shared
Q6EAT,True,True,shared
Q6EAU,True,True,shared
Q6EAV,True,True,shared
Q6EAW,True,True,shared
Q6EAX,True,True,shared
Q6EAY,False,True,2025_only
Q6EB,True,True,shared
Q6EC,True,True,shared
Q6ED,True,True,shared
Q6EE,True,True,shared
Q6EF,True,True,shared
Q6EG,True,True,shared
Q6EH,True,True,shared
Q6EI,True,True,shared
Q6EJ,True,True,shared
Q6EK,True,True,shared
Q6EL,True,True,shared
Q6EM,True,True,shared
Q6EN,True,True,shared
Q6EO,True,True,shared
Q6EP,True,True,shared
Q6EQ,True,True,shared
Q6ER,True,True,shared
Q6ES,True,True,shared
Q6ET,True,True,shared
Q6EU,True,True,shared
Q6EV,True,True,shared
Q6EW,True,True,shared
Q6EX,True,True,shared
Q6EY,True,True,shared
Q6EZ,True,True,shared
Q6J,True,True,shared
Q6K,True,True,shared
Q6L,True,True,shared
Q6M,True,True,shared
Q6N,True,True,shared
Q6O,True,True,shared
Q6P,True,True,shared
Q6Q,True,True,shared
Q6R,True,True,shared
Q6S,True,True,shared
Q6T,True,True,shared
Q6U,True,True,shared
Q7AA,True,True,shared
Q7AB,True,True,shared
Q7ABA,True,True,shared
Q7ABB,True,True,shared
Q7ABC,True,True,shared
Q7ABD,True,True,shared
Q7ABE,True,True,shared
Q7ABF,True,True,shared
Q7ABG,True,True,shared
Q7ABH,True,True,shared
Q7ABI,True,True,shared
Q7ABJ,True,True,shared
Q7ABK,True,True,shared
Q7ABL,True,True,shared
Q7ABM,True,True,shared
Q7ABN,True,True,shared
Q7ABO,True,True,shared
Q7ABP,True,True,shared
Q7AC,True,True,shared
Q7AD,True,True,shared
Q7AE,True,True,shared
Q7AF,True,True,shared
Q7AG,True,True,shared
Q7AH,True,True,shared
Q7AI,True,True,shared
Q7AJ,True,True,shared
Q7AK,True,True,shared
Q7AL,True,True,shared
Q7AM,True,True,shared
Q7AN,True,True,shared
Q7AO,True,True,shared
Q7AP,True,True,shared
Q7BA,True,True,shared
Q7BB,True,True,shared
Q7BC,True,True,shared
Q7BD,True,True,shared
Q7BE,True,True,shared
Q7BF,True,True,shared
Q7BG,True,True,shared
Q7BH,True,True,shared
Q7BI,True,True,shared
Q7BJ,True,True,shared
Q7BK,True,True,shared
Q7BL,True,True,shared
Q7BM,True,True,shared
Q7BN,True,True,shared
Q7BO,True,True,shared
Q7BP,True,True,shared
Q7CA,True,True,shared
Q7CB,True,True,shared
Q7CC,True,True,shared
Q7CD,True,True,shared
Q7CE,True,True,shared
Q7CF,True,True,shared
Q8A,True,True,shared
Q8BA,True,True,shared
Q8BB,True,True,shared
Q8BC,True,True,shared
Q8BD,True,True,shared
Q8BE,True,True,shared
Q8BF,True,True,shared
Q8BG,True,True,shared
Q8BH,True,True,shared
Q8BI,True,True,shared
Q8BJ,True,True,shared
Q8BK,True,True,shared
Q8BL,True,True,shared
Q8BM,True,True,shared
Q8BN,True,True,shared
Q8BO,True,True,shared
Q8C,True,True,shared
Q9AA,True,True,shared
Q9AB,True,True,shared
Q9ABA,True,True,shared
Q9ABB,True,True,shared
Q9ABC,True,True,shared
Q9ABD,True,True,shared
Q9ABE,True,True,shared
Q9ABF,True,True,shared
Q9ABG,True,True,shared
Q9ABH,True,True,shared
Q9ABI,True,True,shared
Q9ABJ,True,True,shared
Q9ABK,True,True,shared
Q9ABL,True,True,shared
Q9ABM,True,True,shared
Q9ABN,True,True,shared
Q9ABO,True,True,shared
Q9ABP,True,True,shared
Q9AC,True,True,shared
Q9AD,True,True,shared
Q9AE,True,True,shared
Q9AF,True,True,shared
Q9AG,True,True,shared
Q9AH,True,True,shared
Q9AI,True,True,shared
Q9AJ,True,True,shared
Q9AK,True,True,shared
Q9AL,True,True,shared
Q9AM,True,True,shared
Q9AN,True,True,shared
Q9AO,True,True,shared
Q9AP,True,True,shared
Q9BA,True,True,shared
Q9BB,True,True,shared
Q9BC,True,True,shared
Q9BD,True,True,shared
Q9BE,True,True,shared
Q9BF,True,True,shared
Q9BG,True,True,shared
Q9BH,True,True,shared
Q9BI,True,True,shared
Q9BJ,True,True,shared
Q9BK,True,True,shared
Q9BL,True,True,shared
Q9BM,True,True,shared
Q9BN,True,True,shared
Q9BO,True,True,shared
Q9BP,True,True,shared
Q9CA,True,True,shared
Q9CB,True,True,shared
Q9CC,True,True,shared
Q9CD,True,True,shared
Q9CE,True,True,shared
Q9CF,True,True,shared
QBBOVERLAP,True,True,shared
QBBSUMA,True,True,shared
QBBSUMB,True,True,shared
QBBSUMC,True,True,shared
QBBSUMLEA,True,True,shared
QBBSUMLEB,True,True,shared
QBBSUMNMA,True,True,shared
QBBSUMNMB,True,True,shared
QBBSUMNMC,True,True,shared
QCONTBB2A,True,True,shared
QCONTBB2B,True,True,shared
QCONTBB2C,True,True,shared
QCONTBB2D,True,True,shared
QCONTBB2E,True,True,shared
QCONTBB2F,True,True,shared
QCONTBB2G,True,True,shared
QCONTBB2H,True,True,shared
QCONTBBA,True,True,shared
QCONTBBB,True,True,shared
QCONTBBC,True,True,shared
QCONTBBD,True,True,shared
QCONTBBE,True,True,shared
QCONTBBF,True,True,shared
QCONTBBG,True,True,shared
QCONTDP,True,True,shared
QCONTLL2A,True,True,shared
QCONTLL2B,True,True,shared
QCONTLL2C,True,True,shared
QCONTLL2D,True,True,shared
QCONTLL2E,True,True,shared
QCONTLL2F,True,True,shared
QCONTLL2G,True,True,shared
QCONTLL2H,True,True,shared
QCONTLLA,True,True,shared
QCONTLLB,True,True,shared
QCONTLLC,True,True,shared
QCONTLLD,True,True,shared
QCONTLLE,True,True,shared
QCONTLLF,True,True,shared
QCONTLLG,True,True,shared
QCONTPTV2A,True,True,shared
QCONTPTV2B,True,True,shared
QCONTPTV2C,True,True,shared
QCONTPTV2D,True,True,shared
QCONTPTV2E,True,True,shared
QCONTPTV2F,True,True,shared
QCONTPTV2G,True,True,shared
QCONTPTV2H,True,True,shared
QCONTPTVA,True,True,shared
QCONTPTVB,True,True,shared
QCONTPTVC,True,True,shared
QCONTPTVD,True,True,shared
QCONTPTVE,True,True,shared
QCONTPTVF,True,True,shared
QCONTPTVG,True,True,shared
QCONTTP,True,True,shared
QDPOVERLAP,True,True,shared
QDPRESUMA,True,True,shared
QDPRESUMB,True,True,shared
QDPSISUMA,True,True,shared
QDPSISUMB,True,True,shared
QFTVSUMA,True,True,shared
QFTVSUMB,True,True,shared
QFTVSUMC,True,True,shared
QFTVSUMNMA,True,True,shared
QFTVSUMNMB,True,True,shared
QFTVSUMNMC,True,True,shared
QLLOVERLAP,True,True,shared
QLLSUMA,True,True,shared
QLLSUMB,True,True,shared
QLLSUMC,True,True,shared
QLLSUMNMA,True,True,shared
QLLSUMNMB,True,True,shared
QLLSUMNMC,True,True,shared
QMPOVERLAP,True,True,shared
QMPSUMA,True,True,shared
QMPSUMB,True,True,shared
QMPSUMC,True,True,shared
QPTVOVERLAP,True,True,shared
QPTVSUMA,True,True,shared
QPTVSUMB,True,True,shared
QPTVSUMC,True,True,shared
QPTVSUMNMA,True,True,shared
QPTVSUMNMB,True,True,shared
QPTVSUMNMC,True,True,shared
QS6A,True,True,shared
QS6B,True,True,shared
QS6C,True,True,shared
QS6D,True,True,shared
QS6E,True,True,shared
QS6F,True,True,shared
QS6G,True,True,shared
QS7A,True,True,shared
QS7B,True,True,shared
QS7C,True,True,shared
QS7D,True,True,shared
QS7E,True,True,shared
QS7F,True,True,shared
QS7G,True,True,shared
QS7H,True,True,shared
QS7I,True,True,shared
QTPOVERLAP,True,True,shared
QTPRESUMA,True,True,shared
QTPRESUMB,True,True,shared
QTPSISUMA,True,True,shared
QTPSISUMABA,True,True,shared
QTPSISUMABB,True,True,shared
QTPSISUMB,True,True,shared
QUADINDEX,True,True,shared
S1,True,True,shared
S4,True,True,shared
S5,True,True,shared
SUMQ2C,True,True,shared
TPINDEX,True,True,shared
WT1,True,False,2023_only
WT3,False,True,2025_only
ZID_AUTO,False,True,2025_only